Title,Category
Title,Category
Я побрился. Затем привёл домой старшеклассницу / Hige wo Soru. Soshite Joshikousei wo Hirou. [1-11 из 12+],2021
Страна таинственных сокровищ / The Country of Rare Treasure [1-9 из 12+],2021
Царство (3 сезон) / Kingdom 3 [1-11 из 12+],Cериалы
Случайное такси / Odd Taxi [1-9 из 12+],2021
Путь домохозяина / Gokushufudou [1-5 из 5],2021
Мегалобокс (2 сезон) / Nomad: Megalo Box 2 [1-11 из 12+],Экшен
"Дракон в поисках дома / Dragon, Ie wo Kau. [1-11 из 12+]",2021
"Комбатанты будут высланы! / Sentouin, Hakenshimasu! [1-11 из 12+]",2021
Семь рыцарей революции: Преемник героя / Seven Knights Revolution: Eiyuu no Keishousha [1-11 из 12+],2021
Патриотизм Мориарти (2 сезон) / Yuukoku no Moriarty 2nd Season [1-11 из 12+],2021
"Прощай, мой дорогой Крамер / Sayonara Watashi no Cramer [1-11 из 12+]",2021
Красавчики-детективы / Bishounen Tanteidan [1-10 из 12+],2021
Нулевой Эдем / Edens Zero [1-10 из 12+],2021
Дом теней / Shadows House [1-10 из 12+],Сэйнен
Боруто: Новое поколение Наруто / Boruto: Naruto Next Generations [1-203 из 500+],Cериалы
Пылающий Кабадди / Shakunetsu Kabaddi [1-11 из 12+],2021
Синий луч отражения / Blue Reflection Ray [1-10 из 12+],Магия
"Добро пожаловать в ад, Ирума! (2 сезон) / Mairimashita! Iruma-kun 2nd Season [1-9 из 12+]",2021
Моя геройская академия (5 сезон) / Boku no Hero Academia 5th Season [1-12 из 25],2021
Зомбилэнд-Сага: Месть / Zombieland Saga: Revenge [1-10 из 12+],2021
Бэк-флип!! / Bakuten!! [1-10 из 12+],2021
Король шаманов (2021) / Shaman King (2021) [1-11 из 12+],2021
Фея Раммару: Я помогу твоему сердцу / Fairy Ranmaru: Anata no Kokoro Otasuke Shimasu [1-10 из 12+],2021
Повелитель тьмы: Другая история мира - Магия подчинения (2 сезон) / Isekai Maou to Shoukan Shoujo no Dorei Majutsu Omega [1-10 из 12+],2021
"Не издевайся, Нагаторо / Ijiranaide, Nagatoro-san [1-9 из 12+]",2021
Улица демонов (2 сезон) / Zhen Hun Jie 2 [1-7 из 12+],Cериалы
Годзилла: Точка сингулярности / Godzilla Singular Point [1-12 из 13],2021
Супер Каб / Super Cub [1-10 из 12+],2021
"Что, если чрезвычайно развитая РПГ с полным погружением вызывает большее привыкание, чем реальность / Kyuukyoku Shinka shita Full Dive RPG ga Genjitsu yori mo Kusoge Dattara [1-10 из 12+]",2021
"Романтическая комедия, в которой подруга детства ни за что не проиграет / Osananajimi ga Zettai ni Makenai Love Comedy [1-9 из 12+]",2021
Цестус: Римский боец / Cestvs: The Roman Fighter [1-9 из 12+],2021
Вечная воля / Yi Nian Yong Heng [1-46 из 52],Cериалы
Семь смертных грехов (4 сезон) / Nanatsu no Taizai: Fundo no Shinpan [1-22 из 24],2021
